{
	"users": {
		"408086350953447425": {
			"name": "TeakIvy",
			"ID": "408086350953447425",
			"age": "16",
			"aboutMe": "Hey there, I'm Teak!\nI've been doing YouTube for over 5 years, and started streaming on Twitch a few weeks ago. I love to play Minecraft, and be a part of the community :D",
			"links": {
				"youtube": "https://youtube.com/teakivy",
				"twitch": "https://twitch.tv/teakivy",
				"twitter": "https://twitter.com/TeakIvyYT",
				"discord": "https://discord.gg/Xb6eeRevkb",
				"instagram": "NONE"
			}
		}
	}
}
